Sserial,age,sex,married,children,highest_qual,income,party,voted,cc_threat
290001,35,1,1,1,3,3,2,1,0
290008,55,2,2,2,3,1,6,1,1
290013,65,2,3,2,3,5,2,1,1
290017,45,1,1,2,2,3,2,2,0
290018,65,2,3,2,3,4,1,1,1
290031,45,2,2,1,2,2,5,2,1
290034,45,1,1,1,1,5,3,1,1
290035,25,1,4,2,1,2,2,2,1
290041,65,1,4,2,1,5,2,1,1
290045,60,2,1,2,2,4,2,1,0
290054,45,2,1,1,2,2,5,1,1
290055,35,2,1,2,2,3,5,2,1
290058,35,2,1,1,3,1,1,2,0
290059,65,1,1,2,3,2,2,1,1
290060,45,1,3,1,2,5,1,1,1
290066,65,2,3,2,1,4,6,1,1
290067,65,1,1,2,1,4,2,1,1
290068,65,2,2,2,3,4,1,1,0
290071,25,1,1,1,1,4,1,1,1
290074,65,2,3,2,2,4,2,1,1
290079,65,2,3,2,2,5,1,1,1
290081,65,2,1,2,4,4,2,1,1
290082,35,2,2,1,3,2,5,1,1
290085,45,2,1,2,2,4,1,1,1
290088,65,2,1,2,4,3,1,2,1
290089,25,2,4,1,3,3,6,1,1
290093,55,2,1,1,3,3,5,2,1
290094,25,2,4,1,3,1,5,2,1
290100,25,2,1,1,3,2,2,2,1
290101,45,2,2,2,1,2,3,1,1
290104,25,2,1,1,2,3,2,2,1
290105,65,2,1,2,4,3,1,1,1
290107,55,2,1,1,3,5,1,1,1
290108,45,2,1,1,1,4,5,2,1
290112,65,1,3,2,4,3,1,2,1
290113,25,2,4,1,3,2,5,2,1
290114,65,1,1,2,2,4,2,1,1
290136,60,2,3,2,2,3,5,1,1
290138,55,1,1,2,2,4,1,1,1
290139,65,1,1,2,1,5,1,1,1
290141,45,1,2,2,1,5,1,1,1
290146,45,2,1,1,3,1,2,1,0
290148,55,1,1,2,3,5,5,2,1
290149,45,2,1,1,1,3,1,1,1
290152,18,1,4,2,4,4,2,2,0
290153,35,2,1,1,2,4,2,1,1
290154,45,1,4,2,4,4,5,2,1
290155,35,1,1,1,1,4,2,1,1
290159,65,2,2,2,4,3,1,1,1
290161,65,1,1,2,2,5,1,1,1
290164,35,2,4,1,4,1,5,2,1
290167,18,2,4,2,3,2,2,1,1
290169,65,2,3,2,2,3,3,1,1
290173,65,2,3,2,3,3,2,1,1
290179,25,2,1,1,2,3,2,1,1
290190,35,2,2,1,4,2,1,2,1
290194,35,2,4,1,3,1,5,2,1
290199,35,1,1,1,3,3,2,1,1
290201,55,1,1,1,4,4,1,2,1
290202,25,2,1,1,1,3,1,1,1
290211,55,2,1,1,1,1,2,1,1
290212,45,2,1,2,1,5,1,1,0
290215,25,2,1,1,2,2,2,1,1
290217,55,1,2,2,2,5,1,1,1
290218,45,2,4,2,4,2,2,2,1
290220,45,1,1,2,1,5,2,1,1
290221,65,1,3,2,3,1,1,1,1
290226,25,2,4,1,4,2,5,2,0
290234,25,2,4,1,1,1,2,1,1
290241,45,1,1,1,1,2,6,1,1
290245,60,1,4,2,4,1,2,2,1
290247,60,2,2,1,4,5,1,1,1
290250,25,1,1,2,2,3,2,1,1
290256,35,2,4,2,3,3,2,1,0
290258,65,2,3,2,4,5,1,1,1
290261,65,1,1,2,3,1,2,1,1
290263,25,1,1,2,1,5,3,1,1
290266,18,2,4,2,1,4,1,1,1
290267,65,1,1,1,3,4,2,1,1
290275,65,1,4,2,2,4,1,2,1
290278,65,2,2,2,1,5,4,1,1
290279,18,2,4,2,2,4,3,1,1
290281,45,2,2,2,2,3,2,1,1
290283,45,2,1,1,2,1,1,1,1
290285,65,1,1,2,3,2,1,1,1
290289,25,1,1,2,1,4,6,1,1
290290,35,1,1,1,1,5,1,1,1
290295,35,2,1,1,1,5,2,2,1
290306,25,2,1,1,2,1,3,1,1
290308,65,1,3,2,4,4,1,1,1
290314,45,1,1,2,3,4,1,1,1
290316,25,2,1,2,1,5,6,1,1
290318,65,1,4,2,4,3,1,1,1
290329,25,1,1,2,2,4,3,1,1
290330,45,1,2,2,1,5,2,1,1
290335,45,2,4,1,1,5,2,1,1
290339,35,2,2,1,1,5,1,2,1
290340,55,2,2,2,3,3,1,1,1
290342,25,1,1,1,3,3,2,1,1
290345,25,2,4,1,3,1,5,2,0
290347,65,1,3,2,2,2,2,1,0
290352,60,1,1,2,3,5,1,1,1
290359,35,2,4,1,3,1,1,1,1
290360,25,1,4,2,3,1,6,2,1
290364,65,2,1,2,3,5,1,1,0
290365,65,2,2,2,1,4,3,1,1
290373,45,1,4,2,2,5,1,1,1
290381,55,2,1,2,3,4,2,1,1
290383,65,2,3,2,2,2,2,2,1
290386,60,2,1,1,3,2,1,1,1
290388,55,2,2,2,3,3,1,1,0
290390,35,2,1,1,1,1,5,1,1
290392,25,2,4,1,3,2,5,2,1
290393,25,2,4,2,1,3,2,1,0
290397,65,1,1,2,1,3,3,1,1
290400,65,2,2,2,2,4,1,1,1
290406,45,2,2,1,3,2,1,1,0
290407,45,1,1,2,2,3,1,1,1
290408,25,2,1,2,3,3,2,1,0
290412,25,2,1,1,1,1,5,2,1
290417,55,2,1,2,2,3,4,1,1
290420,45,1,1,2,1,5,2,1,1
290425,65,1,1,2,1,3,2,1,1
290429,45,1,1,2,3,4,2,1,1
290433,65,2,3,2,3,5,1,1,1
290435,65,1,1,2,2,4,3,1,1
290443,65,1,1,2,1,5,2,1,1
290444,25,1,4,2,2,2,1,1,1
290445,25,2,4,2,3,3,2,2,1
290450,60,1,1,2,1,4,3,1,1
290451,25,2,4,2,1,4,1,1,1
290455,25,2,1,1,1,1,1,1,1
290458,45,2,2,2,4,3,5,2,1
290459,35,1,1,2,1,5,1,1,1
290460,65,2,2,2,4,3,1,1,1
290463,35,2,1,1,3,2,5,2,0
290466,45,2,1,1,1,5,2,1,1
290468,65,1,4,2,4,4,2,1,1
290470,45,1,1,1,1,3,2,1,1
290471,60,1,1,2,1,5,2,1,1
290473,65,2,2,2,2,5,1,1,1
290478,45,1,1,1,3,5,2,1,1
290480,35,1,1,1,2,4,1,1,1
290485,55,2,1,2,2,3,2,1,1
290488,35,1,1,2,1,5,1,1,1
290491,45,1,2,2,3,3,3,2,1
290495,55,1,1,1,2,2,2,1,1
290496,18,2,4,1,3,1,5,2,1
290497,35,2,1,2,2,3,2,1,0
290498,55,2,1,1,3,3,1,1,1
290506,55,1,1,2,2,5,1,1,1
290508,25,2,1,1,1,1,2,2,1
290510,65,1,1,1,2,4,2,1,1
290511,25,1,1,2,1,4,2,1,1
290516,45,1,2,2,1,5,1,2,1
290534,25,2,1,1,1,1,4,1,1
290537,25,1,1,1,1,5,2,1,1
290542,65,1,1,2,3,3,1,1,1
290543,25,1,4,2,2,5,5,1,1
290550,65,1,2,2,3,5,1,1,1
290553,35,1,4,2,4,1,1,1,1
290560,25,2,1,1,4,1,2,2,0
290562,45,1,1,2,3,5,1,1,0
290563,25,2,1,1,4,2,5,2,0
290564,60,1,1,2,1,3,2,1,1
290566,45,2,1,1,3,1,1,1,1
290567,65,1,1,2,3,4,2,1,1
290571,65,1,2,2,4,3,5,2,1
290579,45,1,1,2,2,4,4,1,1
290583,25,2,4,1,3,2,4,2,1
290595,60,1,1,1,3,3,1,1,1
290604,60,2,1,2,3,4,1,1,1
290605,45,1,1,2,2,3,2,1,1
290607,45,1,4,2,3,3,4,1,1
290613,65,1,1,2,3,4,3,1,1
290619,45,2,2,2,4,3,5,2,1
290621,25,2,1,1,2,1,1,1,1
290626,45,2,1,2,1,1,2,1,1
290627,60,1,1,2,2,3,3,1,1
290630,25,1,1,2,2,3,2,1,1
290636,55,1,4,2,3,2,2,1,1
290637,60,1,1,1,1,4,4,1,1
290643,35,1,1,1,3,4,5,2,1
290646,45,2,1,2,3,4,1,2,1
290648,25,1,1,1,1,4,1,1,1
290649,65,2,3,2,4,4,1,1,1
290651,18,1,4,2,2,5,2,2,0
290654,65,1,4,2,4,2,2,1,1
290659,65,2,2,2,2,4,5,1,0
290664,35,2,1,1,3,1,5,2,0
290665,25,1,1,1,3,3,5,2,1
290666,25,1,4,2,1,2,2,2,1
290669,25,1,1,2,3,4,2,2,1
290670,65,1,4,2,4,5,1,1,1
290673,65,2,3,2,2,3,5,1,1
290675,55,1,1,1,1,2,2,2,1
290677,35,2,1,1,1,1,1,1,1
290678,45,1,2,2,2,5,1,1,1
290681,45,1,1,1,1,5,3,1,1
290685,65,2,2,2,1,5,1,1,1
290687,25,2,4,2,1,2,2,1,1
290694,55,1,4,2,3,5,1,1,1
290697,35,1,1,1,1,5,1,1,1
290702,35,2,4,2,1,4,5,2,1
290706,35,1,4,2,1,5,1,1,1
290709,25,2,4,2,2,4,1,1,1
290710,60,1,3,2,1,4,3,1,1
290717,55,2,1,1,3,1,1,1,1
290724,45,2,1,1,2,3,1,1,1
290728,18,1,4,2,4,1,5,2,0
290729,25,2,4,2,2,3,1,1,0
290734,25,1,1,1,3,2,2,2,1
290735,65,1,3,2,4,2,1,1,0
290737,55,2,1,2,3,4,2,1,1
290742,60,1,1,1,2,1,2,1,0
290746,65,2,1,2,4,2,2,1,1
290747,35,1,1,1,4,3,5,2,1
290748,35,1,4,2,3,3,2,1,0
290756,45,2,1,2,3,2,5,2,1
290760,45,1,1,1,3,4,1,1,1
290763,18,2,4,2,3,3,4,1,1
290765,45,2,1,1,2,2,2,1,1
290769,65,1,1,2,2,4,2,1,1
290770,65,2,3,2,4,5,2,2,1
290775,35,1,1,1,4,5,4,1,1
290777,65,2,3,2,4,2,2,2,1
290783,65,1,3,2,2,4,1,1,0
290799,18,2,4,2,2,2,2,1,1
290802,65,1,2,2,4,5,3,1,1
290804,65,2,1,2,4,1,1,1,1
290805,35,2,1,1,1,2,1,1,1
290806,25,1,1,2,2,4,2,1,1
290810,25,2,4,2,1,4,2,1,1
290811,25,2,4,1,2,1,6,2,1
290812,55,2,1,2,2,3,1,1,1
290813,18,1,4,2,1,5,2,1,1
290814,25,2,4,2,4,2,5,2,1
290815,60,1,1,2,3,3,2,1,1
290817,18,1,4,2,3,2,2,2,0
290818,35,1,1,1,2,3,1,1,1
290819,55,1,1,2,4,1,5,2,1
290830,25,1,4,1,1,2,2,2,1
290835,65,2,2,2,4,3,1,1,1
290842,35,1,1,1,3,2,1,2,0
290843,25,1,2,2,3,1,2,1,1
290844,45,1,4,2,2,3,2,2,1
290846,65,2,1,2,4,2,1,1,0
290847,65,2,2,1,2,2,1,1,0
290848,25,1,4,2,2,4,1,1,1
290854,18,1,4,2,3,5,5,2,1
290855,35,1,1,1,1,4,1,1,1
290857,35,1,4,2,2,5,3,2,1
290863,25,2,1,2,2,4,6,1,1
290865,25,2,1,1,3,1,5,2,1
290869,65,1,2,2,3,2,2,2,1
290874,45,2,1,1,3,4,1,1,1
290876,25,1,1,1,2,4,2,1,1
290877,55,2,1,2,4,1,5,2,1
290881,35,2,1,1,2,2,2,2,1
290883,45,2,1,1,2,3,1,2,1
290885,45,2,2,2,1,2,5,2,1
290889,65,2,1,2,3,4,4,1,1
290890,45,2,4,1,3,1,2,1,0
290892,55,2,1,2,3,1,2,1,1
290893,35,2,1,2,1,3,2,1,1
290895,35,1,1,2,1,5,1,2,0
290896,45,1,4,2,4,1,2,2,1
290901,35,1,1,1,4,1,3,2,1
290902,65,2,1,2,3,2,1,1,1
290904,45,2,1,2,2,4,1,1,1
290905,45,1,1,1,2,1,4,1,1
290909,65,1,1,2,4,3,5,1,1
290913,65,1,2,2,4,4,2,1,1
290915,25,2,1,2,1,4,2,1,1
290918,65,1,1,2,4,4,1,1,1
290919,60,2,2,2,2,2,2,1,1
290920,35,1,1,1,1,4,1,1,1
290929,25,1,4,2,3,3,5,2,1
290933,35,2,1,1,2,1,1,1,1
290935,60,2,2,2,3,3,2,1,1
290939,65,1,1,2,1,5,3,1,1
290941,25,1,4,2,1,3,6,1,1
290942,35,1,1,1,1,5,1,1,1
290946,45,1,1,1,1,4,1,1,1
290951,35,2,1,2,1,4,3,1,1
290953,60,2,1,1,1,2,2,1,1
290954,65,1,2,2,4,5,1,1,1
290958,55,2,3,2,3,4,4,1,1
290959,25,1,1,1,1,3,1,1,1
290963,60,1,2,2,4,3,2,2,1
290964,65,1,1,2,4,5,1,1,0
290965,35,2,4,2,2,5,2,1,1
290969,45,2,1,1,1,1,2,1,1
290977,18,2,4,2,3,5,2,1,0
290979,25,2,4,2,1,5,2,1,1
290981,55,1,3,2,2,4,1,2,1
290982,45,2,4,2,2,5,1,1,1
290983,25,1,4,2,2,3,1,1,1
290992,65,1,3,2,3,3,1,1,1
290999,25,1,4,2,1,3,2,2,1
291002,65,1,1,2,3,5,1,1,1
291011,35,2,1,1,1,1,2,1,1
291015,35,2,4,1,3,3,5,2,1
291021,65,1,1,2,4,1,1,1,1
291028,25,2,1,1,4,1,4,2,0
291031,55,2,1,2,1,4,1,1,1
291033,60,2,2,2,1,4,3,1,1
291034,60,2,3,2,2,4,1,1,1
291035,65,1,1,2,4,2,2,1,1
291037,45,2,1,2,3,1,1,2,0
291040,25,2,1,1,1,2,2,1,1
291041,65,1,1,2,2,3,2,1,1
291047,45,2,2,1,4,1,4,1,1
291050,25,1,4,2,1,5,1,1,1
291051,25,1,1,1,3,4,5,2,1
291052,65,1,1,2,2,4,1,1,1
291059,60,1,2,2,3,2,5,2,0
291061,25,2,1,1,2,4,2,1,1
291062,25,1,4,2,1,5,1,1,1
291063,60,2,2,2,2,3,1,1,1
291065,65,2,2,2,2,1,5,2,1
291066,25,2,1,2,1,1,5,2,1
291067,45,2,1,1,1,5,5,1,1
291074,65,2,3,2,2,5,1,1,1
291075,65,2,3,2,4,4,1,2,1
291078,25,1,4,2,3,4,2,2,1
291079,55,2,1,2,1,1,1,1,1
291081,65,1,1,2,4,3,2,2,1
291086,65,1,1,2,4,2,4,2,1
291089,35,2,1,1,1,1,2,1,1
291091,35,1,1,1,2,4,1,1,1
291095,55,2,1,2,3,2,5,2,1
291097,35,1,4,2,2,2,1,1,1
291104,65,2,2,2,1,2,3,1,1
291105,35,2,1,2,2,3,5,2,1
291109,60,1,1,2,3,4,5,2,1
291114,65,1,1,2,4,3,2,1,1
291115,45,1,1,2,3,4,1,1,1
291118,60,2,2,2,4,1,5,2,0
291121,65,2,4,2,2,1,1,1,1
291125,65,2,1,2,2,5,1,1,1
291126,65,2,3,2,3,5,2,1,1
291130,65,2,3,2,3,5,3,1,1
291133,35,2,1,1,2,2,3,1,1
291134,60,2,2,2,4,4,1,1,1
291136,65,1,1,2,1,5,3,1,1
291143,18,2,4,2,3,2,2,1,0
291144,25,2,1,1,1,1,2,1,1
291145,18,1,4,2,1,2,2,1,1
291148,55,2,2,2,1,3,4,2,1
291149,65,1,2,2,1,2,5,2,1
291161,35,1,1,2,1,5,1,1,1
291163,45,1,1,1,4,4,2,1,1
291164,65,2,2,2,1,4,3,1,1
291174,55,1,4,2,4,2,2,2,0
291176,35,1,1,1,2,3,1,1,1
291179,18,2,4,1,2,2,2,2,1
291182,65,1,1,2,4,4,1,2,1
291183,65,2,3,2,3,2,1,1,1
291184,25,2,4,1,2,1,2,1,0
291186,45,1,1,2,3,4,4,1,1
291188,65,2,1,2,4,3,1,1,0
291191,18,2,1,2,2,1,1,1,1
291193,65,1,1,2,2,4,3,1,1
291194,55,1,1,1,2,4,2,1,0
291196,45,2,1,1,4,1,2,1,1
291199,25,1,1,1,4,2,5,2,0
291205,55,1,1,2,4,3,5,2,1
291211,45,2,1,2,3,5,2,1,1
291214,45,1,1,1,3,2,2,1,1
291215,35,1,4,2,3,1,3,2,1
291216,65,2,3,2,2,5,2,1,1
291219,25,1,1,2,1,5,1,1,1
291223,25,1,4,2,2,1,2,1,1
291228,35,1,4,2,3,3,1,2,1
291230,35,1,1,2,1,3,5,2,1
291233,35,1,4,1,1,3,3,1,1
291235,65,1,1,2,1,1,1,1,1
291236,25,2,4,1,2,4,1,1,1
291237,45,1,1,1,1,5,1,1,1
291238,45,2,2,1,3,3,5,1,1
291244,25,2,1,1,3,2,2,2,0
291246,65,1,1,2,4,4,1,1,1
291248,60,1,1,2,1,5,4,1,1
291256,45,1,1,1,1,1,5,2,1
291258,45,2,2,2,3,3,5,2,1
291259,25,2,1,1,3,2,5,2,1
291260,25,2,4,2,1,5,2,1,1
291263,45,2,4,1,3,2,1,1,1
291264,65,1,1,2,3,3,3,1,1
291270,35,2,4,2,1,2,5,2,1
291271,60,1,2,2,3,5,1,1,1
291280,60,1,2,1,3,2,4,1,0
291289,55,2,1,2,1,4,1,1,1
291290,25,2,1,2,2,4,1,1,1
291295,18,1,1,1,2,4,2,1,1
291299,25,1,1,2,4,4,5,2,1
291301,45,2,2,2,2,5,1,1,1
291312,60,1,1,1,2,5,3,1,1
291313,45,2,4,2,1,4,2,1,1
291315,45,2,1,1,1,5,1,1,1
291316,55,1,1,2,1,5,1,1,1
291317,45,2,1,2,2,1,2,1,0
291319,25,2,2,1,3,2,5,2,1
291321,45,1,1,1,1,5,3,1,1
291326,35,2,1,1,3,2,5,2,1
291328,60,2,1,2,3,2,2,1,1
291338,45,1,4,2,2,1,3,1,1
291341,45,1,1,1,1,3,1,2,1
291347,45,1,4,2,1,1,2,1,1
291349,55,2,2,1,4,1,5,2,0
291350,45,2,1,1,3,2,2,1,1
291352,35,1,4,2,1,4,3,2,1
291353,25,1,4,2,3,3,2,2,1
291356,65,1,2,2,4,1,2,1,0
291358,35,1,4,2,1,5,4,1,0
291368,60,2,2,2,4,1,2,1,0
291370,35,1,1,1,3,3,1,1,1
291381,35,1,1,1,1,5,1,1,1
291389,60,2,4,2,4,4,2,1,1
291393,35,2,2,1,3,1,2,2,0
291400,60,1,1,2,3,2,2,1,1
291403,25,2,4,2,2,2,1,2,1
291404,25,2,1,1,1,4,2,2,1
291407,45,2,4,2,2,2,5,1,1
291421,35,2,1,1,1,1,2,2,1
291425,65,2,3,2,2,4,2,1,1
291427,35,2,1,1,3,1,5,1,1
291436,60,1,1,2,1,5,1,1,1
291439,45,2,4,1,3,1,5,2,0
291447,18,2,4,2,2,5,3,1,1
291448,45,2,2,2,3,5,1,2,1
291455,55,2,1,2,3,1,1,1,1
291458,65,1,1,2,2,5,1,1,1
291461,65,1,1,2,4,5,1,1,0
291462,65,2,3,2,4,3,1,1,1
291464,60,2,2,2,2,3,3,1,1
291465,60,1,1,1,2,4,1,1,1
291467,60,1,2,2,2,3,2,1,1
291481,60,1,1,2,2,4,1,1,1
291495,65,2,2,2,1,3,2,2,1
291496,65,2,2,1,4,2,2,1,0
291500,25,2,1,1,2,1,2,2,1
291502,35,1,1,2,3,5,4,2,0
291508,45,1,4,2,2,5,2,1,1
291509,65,1,1,2,2,4,1,1,1
291516,35,2,1,1,1,2,5,2,1
291517,35,2,1,2,1,5,2,1,1
291528,55,1,1,2,1,5,1,1,0
291529,65,1,4,2,4,4,2,2,1
291531,45,1,1,1,3,3,2,1,1
291534,25,2,4,2,2,3,5,2,1
291538,35,1,4,2,3,1,2,1,1
291539,55,2,1,1,1,1,3,1,1
291540,60,2,3,2,1,3,2,1,1
291542,35,2,1,1,1,1,2,1,1
291547,55,1,1,2,1,5,1,1,1
291551,60,2,1,2,4,5,1,1,1
291553,45,2,1,1,2,1,1,1,1
291555,35,1,1,1,2,1,1,1,1
291559,25,2,1,1,3,2,5,1,0
291560,18,2,1,1,4,2,5,2,0
291563,65,1,1,2,1,4,3,1,1
291571,35,2,1,1,3,2,2,1,1
291573,45,1,1,2,4,3,5,1,0
291579,45,2,1,2,3,3,1,1,1
291581,35,1,2,2,2,5,2,1,1
291584,60,2,2,2,1,5,1,1,1
291587,25,2,4,1,2,1,2,2,1
291589,25,1,1,1,2,3,5,2,1
291590,35,1,4,2,3,1,1,2,1
291591,65,2,3,2,3,4,1,1,1
291597,35,2,1,1,1,4,2,1,1
291598,35,1,1,2,1,5,1,1,1
291602,25,1,1,1,2,5,2,2,1
291605,45,1,1,2,3,2,2,2,0
291606,35,1,1,2,3,4,2,2,0
291610,35,2,1,1,2,1,1,1,1
291613,60,1,1,2,3,1,4,2,1
291615,65,1,2,2,4,4,1,1,1
291618,45,1,1,1,3,1,2,1,1
291621,65,1,1,2,1,4,1,1,1
291623,18,2,4,2,1,5,2,1,1
291625,35,1,4,2,2,5,3,1,1
291626,35,1,1,1,4,2,2,1,1
291629,65,2,3,2,3,4,1,1,1
291635,65,2,4,1,2,2,1,1,1
291636,65,1,1,1,1,2,1,1,0
291637,25,2,4,2,2,5,2,1,1
291640,65,2,1,2,3,4,2,1,0
291642,25,1,4,2,1,3,2,2,1
291646,25,2,1,1,3,1,2,2,0
291648,60,2,1,2,3,4,4,1,1
291650,65,1,4,2,3,5,3,1,1
291651,65,2,3,2,4,1,1,1,1
291652,25,2,1,2,1,3,2,1,1
291653,65,1,2,2,3,5,2,1,1
291656,45,2,1,2,2,4,1,1,1
291660,55,1,1,2,2,5,2,1,1
291668,65,2,2,2,4,3,1,1,1
291670,35,2,1,2,4,3,2,1,1
291671,45,1,2,2,2,1,2,1,1
291673,25,2,1,1,3,2,2,2,1
291674,45,2,1,2,3,2,6,1,1
291675,45,1,4,2,3,3,2,1,1
291679,65,2,2,2,4,2,2,1,1
291681,25,1,2,2,1,1,6,1,1
291684,65,1,3,2,1,5,1,1,1
291687,35,2,1,1,1,1,2,1,1
291688,25,1,4,2,1,5,2,1,1
291696,25,1,4,2,1,3,2,2,1
291703,65,2,4,2,4,1,1,1,1
291704,25,1,1,1,1,2,3,1,1
291705,65,1,1,2,2,4,1,1,1
291706,55,2,2,2,3,1,1,1,1
291707,35,2,1,1,2,5,3,1,1
291708,65,1,3,2,2,5,2,1,1
291710,45,2,4,2,1,5,5,1,1
291713,55,2,1,1,3,4,1,1,1
291717,65,1,2,2,4,1,2,1,0
291718,25,2,1,1,2,1,2,1,0
291731,25,2,1,2,1,2,5,2,1
291734,45,1,4,2,2,5,2,1,1
291738,65,2,3,2,4,1,2,1,1
291746,65,1,2,2,2,5,1,1,0
291748,60,2,1,2,2,1,5,2,0
291750,35,1,1,2,2,5,1,2,1
291751,55,2,1,1,1,1,3,1,1
291753,55,2,1,1,3,4,1,1,1
291755,35,2,1,1,1,5,1,1,1
291756,35,2,4,1,3,2,2,2,0
291762,60,2,1,1,2,2,1,1,0
291763,35,2,4,2,2,2,2,1,1
291769,25,2,4,1,2,2,2,1,1
291775,45,1,1,2,4,3,2,1,1
291778,35,1,1,1,3,4,1,1,1
291783,45,1,2,2,1,5,1,1,1
291784,25,2,4,2,1,4,3,2,1
291785,65,1,1,2,3,4,1,1,1
291786,60,1,4,2,2,4,1,1,0
291788,45,1,1,1,2,4,2,1,1
291789,25,2,1,1,1,4,4,1,1
291792,65,2,3,2,4,2,5,2,0
291796,25,2,1,1,4,1,5,2,1
291801,45,1,1,2,4,3,2,1,1
291802,65,2,4,2,2,3,1,1,1
291804,45,2,1,2,1,4,2,2,1
291806,35,1,1,1,1,3,1,1,1
291808,45,1,4,2,1,5,2,1,1
291809,35,1,1,1,2,3,2,2,1
291810,45,1,4,2,3,1,3,1,1
291814,25,2,1,1,1,2,5,1,1
291816,60,1,1,1,3,4,2,1,1
291822,60,1,2,2,1,5,1,1,0
291823,35,1,1,2,2,1,1,1,1
291830,35,2,2,1,2,4,2,1,1
291836,65,2,3,1,4,1,1,1,1
291838,25,1,1,1,1,4,1,2,1
291842,65,1,3,2,1,4,1,1,1
291844,65,2,3,2,2,4,2,1,1
291845,60,1,3,2,2,4,4,2,1
291849,65,2,2,2,1,5,2,1,1
291852,35,2,1,1,1,5,1,1,1
291857,45,1,4,2,3,5,2,1,1
291861,45,2,1,1,2,3,1,1,1
291862,25,1,4,2,3,4,5,2,1
291863,25,2,4,1,3,3,1,1,1
291864,18,2,1,1,2,1,3,2,1
291869,35,1,1,1,2,4,2,1,1
291874,45,2,2,1,3,3,3,1,1
291877,45,2,4,1,1,2,6,2,1
291878,18,2,4,2,3,2,2,1,1
291881,25,1,1,1,3,4,1,1,0
291886,55,1,1,2,2,4,2,1,1
291887,35,2,1,1,2,3,1,1,1
291889,65,1,2,2,3,5,1,1,1
291890,60,2,1,2,4,1,5,2,1
291893,65,1,4,2,4,4,2,1,1
291894,65,2,3,2,2,5,1,1,1
291899,65,2,1,1,4,2,4,1,1
291902,25,1,1,1,3,4,5,1,1
291903,45,1,4,1,3,1,1,1,1
291905,65,2,1,2,4,3,2,1,1
291909,65,2,3,1,1,5,2,1,1
291914,35,2,4,1,2,1,5,2,0
291915,65,1,3,2,2,5,3,1,1
291917,65,2,3,2,2,4,1,1,1
291918,60,1,1,2,3,1,1,1,1
291920,25,2,1,1,3,1,5,1,1
291923,45,2,1,2,1,1,2,1,0
291924,65,1,1,2,1,5,6,1,1
291927,60,2,1,2,1,5,2,1,1
291929,35,1,1,1,4,1,5,2,1
291930,65,1,1,2,4,3,2,1,1
291935,65,2,3,2,4,4,2,1,0
291937,60,1,1,2,3,3,2,1,1
291943,45,2,4,2,2,5,4,1,1
291945,35,1,2,1,1,5,2,1,1
291949,35,1,2,2,2,5,5,2,1
291950,25,2,1,1,1,1,2,2,1
291956,35,2,1,1,1,4,2,1,1
291957,65,1,1,2,1,5,2,1,1
291961,35,2,1,1,1,4,2,1,1
291962,35,2,1,1,2,2,3,1,1
291963,45,2,1,1,3,2,1,1,0
291964,35,2,1,1,1,5,1,1,1
291965,35,2,2,1,1,3,2,1,1
291969,35,1,2,1,2,2,5,2,1
291979,65,1,3,2,4,2,2,1,1
291987,45,2,1,2,3,3,1,1,0
291988,35,2,2,1,3,2,2,1,0
291991,65,1,1,2,4,2,5,2,0
291992,65,2,3,2,3,5,1,1,1
291994,45,1,4,2,2,4,2,2,1
291995,65,2,3,2,3,3,2,1,1
291997,25,2,4,2,2,1,5,2,1
291999,65,1,1,2,4,2,2,1,1
292002,25,2,1,1,1,1,2,2,1
292005,25,2,4,2,3,5,2,1,1
292007,25,1,4,2,3,3,1,1,0
292009,45,2,1,2,3,5,1,1,1
292013,65,1,1,2,3,5,2,1,1
292016,45,2,1,1,1,2,2,1,1
292017,65,1,1,2,2,4,4,1,1
292024,25,2,4,2,3,4,2,1,1
292027,65,1,1,1,4,4,2,1,1
292028,25,2,4,1,3,3,2,1,0
292029,35,2,1,1,3,1,1,1,1
292032,25,2,4,2,1,2,1,2,1
292036,65,2,2,2,2,4,2,1,1
292037,25,2,1,2,3,2,2,1,1
292038,65,1,3,2,2,5,1,1,1
292041,35,2,1,1,2,2,2,1,1
292042,35,2,1,1,3,2,5,2,1
292044,60,2,1,2,1,1,1,1,1
292045,55,1,1,2,3,5,2,1,0
292048,35,2,1,1,1,1,5,2,1
292050,65,1,2,2,4,4,2,1,1
292063,25,2,4,2,1,4,6,1,1
292064,65,1,1,2,3,4,1,1,1
292069,60,1,1,2,3,2,1,1,1
292072,18,2,4,2,1,4,2,1,1
292073,65,2,3,2,2,3,2,1,1
292074,65,1,1,2,2,4,2,1,1
292077,45,1,4,2,1,4,2,1,1
292078,45,2,2,2,2,4,2,2,1
292079,65,1,1,2,1,5,3,1,0
292082,55,1,2,2,1,5,1,1,1
292084,25,2,4,2,3,2,5,2,1
292087,65,1,1,2,4,4,1,1,0
292088,60,1,1,2,2,4,4,1,1
292089,65,1,2,2,4,1,1,1,1
292091,35,2,1,1,1,1,5,2,1
292094,35,2,1,1,4,1,2,1,1
292099,60,1,1,1,3,2,1,1,1
292100,60,1,4,2,3,2,1,2,1
292101,45,1,1,1,4,5,2,1,1
292103,45,2,1,2,1,5,4,2,1
292106,18,1,4,2,2,1,2,1,1
292109,60,1,4,2,3,5,1,1,1
292111,35,1,1,1,2,2,2,1,1
292113,55,2,1,2,3,3,2,1,1
292114,65,1,1,2,4,5,1,1,0
292117,65,1,1,2,4,1,1,1,1
292119,35,2,4,1,3,2,1,1,0
292120,65,2,1,2,4,2,2,1,1
292124,55,2,4,2,4,2,4,1,0
292132,35,1,1,2,2,1,2,1,1
292138,60,1,1,2,4,2,2,1,0
292143,25,1,1,2,2,2,5,2,1
292144,45,1,1,1,2,3,2,1,1
292147,35,1,1,1,1,4,2,1,0
292152,25,2,4,2,2,2,2,2,0
292157,45,1,1,2,2,4,1,1,1
292161,65,1,1,2,4,2,1,1,1
292162,60,1,1,2,1,5,6,1,1
292163,65,2,3,2,4,3,5,1,1
292168,65,2,1,2,4,3,1,1,1
292170,25,1,4,2,4,3,1,2,0
292179,60,2,1,2,2,1,3,1,1
292182,65,1,2,2,1,4,4,1,0
292183,65,1,3,2,4,3,2,1,1
292184,45,2,4,2,2,4,4,1,1
292194,55,2,1,1,2,4,1,2,1
292197,18,2,4,2,1,4,2,1,1
292198,25,1,1,1,4,4,5,2,1
292199,65,1,2,2,4,4,1,1,0
292202,18,1,4,2,1,4,2,1,1
292203,55,2,1,2,3,1,1,1,1
292205,25,2,1,2,1,4,4,1,1
292206,45,1,2,2,2,2,2,1,1
292208,65,1,2,2,2,5,3,1,1
292211,55,1,1,2,2,4,1,1,1
292216,65,1,2,2,1,2,1,1,1
292227,35,2,2,1,4,2,5,2,1
292231,45,2,2,2,4,4,2,1,1
292233,25,2,1,2,2,1,2,1,1
292241,55,2,2,2,3,1,4,2,1
292250,25,2,4,2,2,5,1,1,1
292251,35,1,1,1,3,2,1,1,1
292258,65,2,2,2,1,5,1,1,1
292264,45,1,1,2,3,3,1,1,1
292266,45,2,1,1,1,2,4,1,1
292274,35,2,4,2,1,5,1,1,1
292275,60,2,1,1,1,3,2,1,1
292278,45,2,1,1,2,1,1,1,1
292280,25,1,1,2,2,3,5,2,1
292283,25,2,1,1,2,1,2,1,1
292286,35,2,1,1,2,1,3,1,1
292288,45,2,2,2,3,4,1,1,1
292296,60,1,1,1,1,3,1,1,1
292298,55,1,2,2,4,2,5,2,0
292300,45,2,1,1,3,3,2,1,1
292302,25,1,1,2,1,4,2,1,1
292303,18,1,4,2,3,3,2,2,1
292309,60,1,3,2,3,2,3,1,1
292312,25,1,4,2,1,4,2,1,1
292313,35,2,2,1,2,2,3,2,1
292334,25,2,4,1,4,2,2,2,0
292335,45,2,1,1,1,5,2,1,1
292340,45,2,4,1,3,3,2,1,1
292342,35,2,1,1,3,2,1,1,1
292343,65,2,2,2,1,2,2,1,1
292347,25,2,4,1,1,1,2,2,0
292349,35,1,4,2,3,2,5,2,1
292354,18,1,4,2,2,1,2,1,0
292355,45,2,4,2,3,4,5,1,1
292356,35,1,2,1,4,1,2,1,1
292362,65,2,1,2,2,4,3,1,1
292363,65,1,3,2,3,4,1,1,1
292364,25,1,1,1,2,3,2,1,0
292365,25,2,1,1,1,2,1,1,1
292368,45,2,2,1,3,1,4,1,1
292369,25,2,1,1,3,2,2,1,1
292371,35,1,1,2,2,5,2,2,1
292376,45,1,1,1,3,4,5,2,1
292382,65,2,3,2,4,1,2,1,1
292386,45,1,1,2,2,4,2,1,1
292387,25,2,2,1,3,1,2,1,1
292392,55,2,1,2,2,1,1,1,1
292393,55,1,1,2,3,2,1,1,1
292394,35,2,1,1,2,2,1,1,1
292396,45,2,1,1,1,5,2,1,1
292398,25,1,1,1,1,3,2,1,1
292399,45,1,4,2,3,2,2,1,1
292402,60,2,2,2,3,5,3,1,1
292404,35,1,1,1,2,5,1,1,1
292405,25,2,1,1,4,1,5,2,1
292414,35,1,4,2,3,4,1,1,0
292415,65,2,1,2,4,4,2,1,1
292419,45,2,2,2,3,2,2,1,1
292420,65,2,2,2,2,4,5,2,1
292426,65,2,3,2,4,4,2,1,1
292429,25,1,1,2,1,4,2,1,1
292433,35,2,1,1,2,1,2,1,1
292438,45,2,4,2,4,2,2,2,1
292441,60,1,1,1,3,2,1,1,1
292459,35,1,1,1,2,5,2,1,1
292463,65,1,3,2,4,3,1,1,0
292468,45,2,1,1,1,1,2,2,1
292478,65,2,3,2,2,2,4,1,1
292482,65,2,3,2,4,4,1,1,0
292487,35,1,1,1,1,4,2,1,1
292488,25,2,4,2,1,3,2,2,1
292490,25,2,1,1,1,1,2,1,1
292496,45,2,2,1,3,1,2,1,1
292497,18,1,4,2,2,2,2,1,1
292498,60,1,1,2,1,5,1,1,1
292500,18,1,4,2,1,5,2,1,1
292508,35,1,1,2,1,5,1,1,1
292509,60,1,1,1,4,2,1,1,1
292515,35,2,2,1,3,4,1,2,1
292516,25,1,1,1,2,4,5,2,1
292522,35,1,4,2,3,2,1,1,0
292524,60,1,1,2,3,2,2,1,1
292526,65,2,3,2,4,1,1,1,1
292527,25,2,1,1,1,4,1,1,1
292532,60,2,1,2,2,5,2,1,1
292536,35,1,4,2,1,1,2,2,1
292537,65,1,1,2,2,3,1,1,1
292540,65,2,3,2,4,2,3,2,0
292541,25,1,1,2,1,5,1,1,1
292545,65,2,3,2,4,4,2,1,1
292546,55,1,1,1,4,1,1,1,1
292548,65,1,1,2,4,3,1,1,1
292549,60,1,1,2,2,4,1,1,0
292553,45,1,1,1,1,2,2,2,0
292562,55,2,1,2,2,5,2,1,1
292572,65,2,1,2,3,2,1,1,0
292579,65,1,1,2,4,2,4,2,1
292584,25,1,1,1,1,3,2,1,1
292591,35,1,1,1,3,2,5,2,1
292592,35,1,1,2,3,2,5,2,1
292593,60,1,1,1,1,5,1,1,0
292595,45,1,1,2,2,4,1,1,1
292596,45,2,4,2,4,2,5,1,1
292598,60,1,1,1,3,5,1,1,1
292602,45,2,1,2,1,1,6,1,1
292609,35,1,1,2,3,4,5,2,1
292610,55,2,1,2,3,3,1,1,1
292611,35,1,1,1,1,3,2,1,1
292612,65,1,1,1,1,4,2,1,1
292614,65,2,1,2,4,4,1,1,0
292615,65,1,1,2,4,2,2,1,1
292619,45,1,1,1,2,2,1,1,1
292621,55,2,2,2,3,5,2,1,0
292625,60,1,2,2,2,3,2,1,1
292627,60,1,1,1,1,4,2,1,1
292631,65,2,2,2,3,2,3,1,1
292635,65,1,1,2,1,5,2,1,1
292641,55,2,2,1,3,1,5,2,0
292646,65,1,2,2,4,3,2,1,1
292647,25,1,1,1,1,2,3,1,1
292658,45,2,4,2,2,5,1,1,1
292661,25,2,1,1,3,1,2,1,1
292664,25,2,1,1,1,2,1,1,1
292675,60,1,1,1,2,2,4,1,0
292676,25,2,4,1,3,3,3,1,0
292680,55,1,4,2,4,1,5,2,1
292682,65,1,4,2,1,5,1,1,1
292683,60,1,1,2,2,5,1,1,1
292686,35,2,2,1,1,5,2,1,1
292696,60,1,1,2,2,5,1,1,1
292702,35,2,1,2,1,3,6,1,1
292704,45,1,4,2,2,5,1,1,1
292712,60,2,1,2,2,3,2,1,1
292716,55,1,1,2,2,3,4,1,1
292717,35,1,1,2,3,1,5,2,1
292722,45,2,1,1,1,1,6,2,1
292723,35,1,1,1,1,1,1,1,1
292726,65,2,1,2,2,3,4,1,1
292728,45,2,2,2,2,4,1,1,1
292731,65,1,3,1,2,2,5,1,1
292732,18,2,4,1,3,1,5,2,1
292733,35,1,4,2,2,4,2,1,1
292739,65,1,1,2,1,4,1,1,1
292740,35,2,4,1,3,2,2,1,1
292743,60,1,2,2,3,5,1,1,0
292752,60,1,2,2,1,5,1,1,1
292753,65,1,3,2,3,4,1,1,1
292759,35,2,4,2,1,5,6,1,1
292761,65,2,2,2,1,1,1,1,1
292765,65,2,3,2,4,3,3,1,1
292766,65,1,3,2,4,3,2,1,1
292776,18,2,4,2,1,3,2,1,1
292777,65,1,1,2,2,5,1,1,1
292783,35,1,1,2,2,3,1,1,1
292787,65,1,1,2,3,5,1,1,1
292789,55,1,1,2,3,1,4,1,0
292790,45,2,1,1,1,4,2,1,1
292794,45,1,1,1,2,4,1,1,1
292799,18,2,4,2,1,1,2,1,0
292800,55,2,4,2,3,1,2,1,1
292805,65,1,2,2,4,5,1,1,1
292807,25,1,4,2,1,5,2,1,1
292813,65,1,1,2,1,4,2,1,1
292816,25,1,1,2,1,5,1,1,1
292817,65,1,1,2,3,3,3,1,1
292819,35,2,1,2,1,5,2,1,1
292820,45,1,1,1,4,2,2,1,1
292821,35,1,4,2,1,5,3,1,1
292825,55,1,2,2,3,2,1,2,1
292829,45,2,2,1,3,1,5,2,0
292833,60,2,1,2,1,5,5,1,1
292834,60,1,2,2,2,4,1,1,1
292835,65,2,4,2,1,5,1,1,1
292836,25,2,1,2,1,4,2,1,1
292839,60,2,1,2,1,4,5,1,1
292843,35,2,4,1,3,4,2,1,1
292851,35,2,4,1,4,1,2,1,1
292853,25,2,1,1,2,1,3,1,1
292860,55,2,1,1,1,5,2,2,0
292862,55,2,1,2,1,2,2,1,1
292874,65,2,2,2,2,3,6,1,1
292875,65,1,1,2,2,3,1,1,1
292877,60,1,1,1,4,2,2,1,1
292879,55,2,1,2,3,3,1,1,1
292881,25,2,1,2,1,3,2,1,1
292886,60,2,4,2,1,1,2,1,1
292892,45,2,1,1,1,2,1,1,1
292897,25,2,4,1,2,3,1,1,1
292900,45,2,2,2,3,2,5,2,1
292905,25,2,4,2,1,5,1,1,1
292906,35,1,1,1,1,5,3,2,1
292908,25,2,2,1,3,2,2,1,1
292911,60,2,1,1,2,1,1,1,1
292914,65,1,1,2,3,5,1,1,1
292918,55,1,1,2,2,5,1,1,1
292920,35,2,1,1,1,1,3,1,1
292921,65,1,1,2,2,4,1,1,0
292923,35,1,1,2,1,2,2,2,1
292925,25,2,1,1,2,1,4,2,1
292928,65,2,2,2,1,5,3,1,1
292929,65,1,1,2,2,4,1,1,1
292933,45,1,2,2,1,3,2,1,1
292934,55,1,1,2,4,3,5,2,0
292935,18,2,4,1,2,1,4,1,1
292936,60,1,1,2,4,1,1,1,1
292938,45,1,1,1,2,1,2,1,1
292940,55,2,1,1,1,3,4,1,1
292942,35,2,2,1,2,1,2,2,1
292946,65,2,3,2,1,5,4,1,1
292950,65,1,3,2,2,4,1,1,1
292951,45,2,1,1,4,2,2,1,1
292959,65,2,1,1,3,3,1,2,1
292961,55,1,1,2,3,3,1,2,1
292962,60,1,4,2,1,2,2,1,0
292965,35,2,1,1,4,1,2,1,1
292968,25,1,4,2,2,5,2,1,1
292970,35,1,1,1,3,3,1,1,1
292972,25,1,1,2,1,5,4,1,1
292978,65,2,4,2,4,1,1,1,1
292981,45,2,1,2,2,3,2,2,1
292982,65,1,1,2,4,1,2,2,0
292985,60,2,1,2,3,1,5,2,1
292992,35,1,4,2,3,1,5,2,1
292994,65,2,4,2,1,4,4,1,1
292996,55,1,2,2,3,1,5,2,1
292998,65,2,1,2,2,5,1,1,1
293001,45,2,2,1,1,1,1,1,1
293003,35,1,1,1,3,2,5,2,1
293013,25,1,1,1,3,3,1,1,1
293014,35,2,1,2,1,4,2,1,1
293015,35,2,1,1,1,1,3,1,1
293016,25,2,4,1,2,2,5,1,1
293019,55,2,1,1,1,1,1,1,1
293021,55,2,4,2,3,2,2,1,1
293024,25,2,1,2,1,1,2,2,1
293026,35,1,1,1,2,4,1,1,1
293028,65,1,3,2,2,2,1,1,1
293030,45,2,1,1,2,1,1,1,1
293034,18,2,4,2,3,2,2,1,1
293039,45,2,1,1,3,1,1,1,1
293041,25,1,4,2,2,5,1,1,1
293043,65,2,2,2,1,3,2,1,1
293045,45,1,1,2,2,5,1,1,1
293051,55,1,4,2,4,2,5,1,1
293054,65,1,1,2,4,4,2,1,1
293056,65,1,1,2,4,2,5,2,1
293060,25,1,1,2,1,5,2,1,1
293061,25,2,4,2,1,4,2,1,1
293062,60,1,1,1,3,4,2,1,1
293064,65,2,3,2,4,1,2,1,1
293065,35,1,1,1,3,4,1,1,1
293074,45,1,2,2,2,2,2,1,1
293075,25,2,1,2,2,4,2,1,1
293078,65,1,1,2,4,3,2,1,0
293080,25,1,4,2,1,4,2,1,1
293081,35,1,1,1,1,3,2,1,1
293087,65,2,2,2,1,5,5,1,1
293088,25,1,4,2,4,1,5,2,1
293092,65,1,1,2,1,4,2,1,0
293094,25,1,1,1,1,3,2,2,0
293104,55,1,1,2,3,4,4,1,0
293106,55,2,1,2,1,5,2,1,1
293109,25,1,1,2,2,4,3,1,1
293111,45,2,4,1,1,2,2,1,1
293112,65,2,1,2,4,2,1,2,0
293113,45,1,1,1,1,2,5,2,1
293117,35,1,1,1,3,3,1,1,0
293118,45,2,1,1,1,4,1,1,1
293126,55,1,2,2,2,5,1,1,0
293129,60,2,1,2,1,5,3,1,1
293132,35,1,1,2,1,5,2,2,0
293143,25,1,1,2,1,4,6,1,1
293146,25,1,1,2,4,4,3,2,1
293147,65,2,3,2,3,3,4,1,1
293149,25,1,4,2,1,5,5,2,1
293151,65,2,3,2,3,3,2,1,1
293155,65,2,3,2,2,4,1,1,1
293157,35,1,1,1,1,5,1,1,1
293159,45,2,1,2,2,1,5,2,1
293162,65,1,3,2,1,2,3,1,0
293163,65,2,2,2,3,1,1,1,1
293164,60,2,2,2,1,5,1,1,1
293166,60,2,2,2,2,3,2,1,1
293168,35,1,1,1,2,2,1,1,1
293171,60,1,2,1,1,5,1,1,1
293182,18,1,4,2,3,1,5,2,1
293189,35,1,1,1,1,5,2,1,1
293191,45,2,4,2,2,5,2,1,1
293192,45,2,4,1,1,4,2,1,1
293194,45,1,1,1,1,2,4,1,1
293196,45,2,1,2,2,5,6,1,1
293200,45,2,1,1,3,2,1,1,1
293210,35,2,4,1,1,4,2,1,1
293213,60,2,2,2,4,3,1,2,1
293214,35,2,1,2,1,4,6,1,1
293215,45,2,1,1,1,2,2,1,1
293220,65,1,3,2,4,1,2,1,0
293221,65,2,1,2,4,2,1,1,1
293222,55,1,4,2,2,1,2,1,0
293227,35,1,1,1,2,5,4,1,1
293233,18,1,4,2,2,4,2,1,1
293235,25,2,1,2,1,1,5,2,1
293237,35,2,1,1,1,2,2,1,1
293247,65,1,3,2,2,5,1,1,1
293251,35,1,1,1,2,1,2,1,1
293252,65,1,1,2,1,5,2,1,1
293255,35,2,1,2,1,5,2,2,1
293265,18,2,4,1,3,2,5,2,1
293270,18,1,4,2,1,4,2,1,1
293274,35,2,4,1,4,2,5,2,1
293281,65,1,1,2,4,2,5,2,0
293282,65,1,1,2,3,3,1,1,1
293283,25,2,4,1,2,1,2,1,1
293284,25,2,4,1,2,1,2,2,0
293285,25,2,4,2,2,3,2,1,1
293286,25,1,1,2,1,5,1,1,1
293288,45,2,4,1,2,2,2,1,1
293297,18,2,4,2,2,2,5,2,1
293302,45,1,2,2,3,4,4,1,1
293303,45,1,1,2,1,3,2,1,1
293306,60,2,1,2,3,1,3,1,1
293308,25,2,4,1,4,3,2,1,1
293310,45,2,2,1,2,4,2,1,0
293312,45,1,1,1,2,1,2,2,1
293316,65,1,1,2,1,3,1,1,0
293317,65,2,1,2,4,2,4,1,1
293318,55,2,4,2,4,2,5,2,0
293323,25,2,1,1,1,4,2,1,1
293324,65,2,3,2,4,3,1,1,1
293325,25,2,1,1,2,1,1,2,1
293328,35,2,1,1,3,3,1,1,1
293330,65,1,3,2,4,4,1,1,0
293333,55,1,4,2,2,1,1,1,1
293334,60,1,1,2,1,5,1,1,1
293338,60,1,2,2,2,5,5,1,1
293341,35,2,3,1,1,4,3,1,1
293343,25,2,4,1,2,3,2,1,1
293347,18,1,4,2,2,1,5,2,1
293351,65,1,1,2,3,3,1,1,1
293352,45,1,4,2,1,5,3,1,1
293355,45,2,2,2,1,2,2,1,1
293361,35,2,1,2,1,5,1,1,1
293364,65,2,1,2,2,3,1,1,1
293366,65,2,3,2,1,5,2,1,1
293368,18,1,4,2,1,3,2,1,1
293377,65,1,1,2,3,5,1,1,0
293384,45,1,1,2,4,3,2,1,1
293387,25,2,2,1,3,3,4,1,1
293389,18,1,1,2,2,3,1,2,1
293390,45,1,4,2,4,1,5,2,0
293403,60,2,3,2,1,5,6,1,1
293404,25,1,1,2,1,5,2,1,1
293408,65,2,2,2,1,4,3,1,1
293411,65,2,1,2,3,2,1,1,1
293418,65,2,1,2,4,4,2,1,0
293419,18,1,1,2,1,1,6,1,1
293422,35,2,2,1,1,4,2,2,1
293426,65,2,2,2,1,2,2,1,1
293427,65,2,3,2,4,4,1,1,0
293428,35,2,4,2,3,1,4,2,1
293429,45,2,1,2,3,2,2,1,1
293431,25,2,4,1,3,2,2,2,1
293432,25,1,1,1,1,5,1,1,1
293436,65,2,3,2,4,4,4,1,1
293445,18,2,1,1,4,2,5,2,0
293449,25,2,1,1,2,1,1,1,1
293450,65,2,3,2,3,3,2,1,1
293452,65,1,3,2,3,5,1,1,1
293453,18,2,4,2,3,1,2,1,1
293454,25,2,1,1,2,2,2,1,0
293455,55,2,2,1,3,2,5,1,1
293457,45,2,2,1,1,4,2,1,1
293458,25,2,1,2,3,2,1,2,1
293473,35,2,2,1,1,1,2,1,1
293475,35,2,1,1,2,3,2,1,1
293477,65,1,1,2,1,4,3,1,1
293478,65,1,2,2,4,5,2,1,1
293480,60,1,2,2,2,3,1,1,1
293483,45,2,2,2,3,1,2,1,1
293485,65,1,1,2,4,3,1,1,1
293497,45,1,1,1,2,3,1,1,1
293502,35,2,4,1,2,2,2,1,1
293507,35,2,1,1,1,3,2,1,1
293513,18,1,4,2,1,4,1,1,1
293514,45,2,1,1,2,3,1,1,1
293519,45,2,1,1,3,3,1,1,1
293521,55,2,1,2,1,3,2,2,1
293524,35,2,1,1,2,1,5,1,1
293525,25,1,4,2,4,1,4,2,1
293527,65,1,3,2,4,2,1,1,0
293528,35,1,4,2,2,2,2,1,1
293533,35,2,4,1,1,2,5,2,0
293539,45,1,1,1,1,5,2,1,1
293541,45,1,2,2,2,4,5,1,1
293544,55,1,2,1,4,3,5,2,1
293545,65,1,1,2,1,5,2,1,1
293547,60,1,1,2,4,2,4,1,0
293552,35,2,1,1,1,4,2,2,1
293556,35,2,2,2,2,1,2,1,1
293557,25,2,1,1,1,1,2,2,1
293562,35,1,1,2,1,3,5,1,1
293570,45,1,1,2,2,3,5,2,0
293572,65,1,1,2,1,5,2,1,1
293576,25,1,4,2,3,3,2,1,1
293581,55,1,3,2,2,1,5,2,1
293585,65,2,3,2,3,5,1,2,1
293586,18,2,4,2,3,1,2,1,0
293588,35,1,1,1,1,2,1,1,1
293589,18,1,4,2,3,4,2,1,1
293590,65,2,2,2,4,1,5,2,0
293591,55,2,1,2,4,3,2,1,0
293596,60,1,1,1,1,2,3,1,1
293597,25,2,4,1,2,3,2,1,0
293598,25,2,1,2,1,5,6,1,1
293601,35,2,1,1,2,2,2,1,0
293605,18,2,1,2,1,4,1,1,0
293606,25,1,1,1,2,4,5,2,1
293608,18,2,4,2,3,3,1,1,1
293612,65,2,1,2,1,5,3,1,1
293614,55,2,4,2,3,4,3,1,1
293620,45,1,1,1,1,4,1,1,1
293629,65,2,3,2,4,4,5,2,1
293630,60,1,1,2,3,4,1,1,1
293646,45,2,1,2,2,1,5,2,1
293651,65,1,1,2,2,5,1,1,1
293653,55,1,4,2,3,2,2,1,1
293654,35,1,1,1,2,1,2,1,1
293655,65,1,1,1,4,2,2,1,0
293656,35,1,4,2,3,4,2,1,1
293657,45,1,4,2,2,5,5,1,1
293658,18,2,4,2,2,4,5,2,1
293662,65,1,1,2,2,4,2,1,1
293666,35,2,4,2,4,1,5,2,1
293671,45,1,1,1,2,5,5,2,1
293680,60,2,4,2,3,3,5,2,1
293682,65,1,1,2,4,3,3,1,0
293684,45,2,1,2,1,5,1,1,1
293685,65,2,2,2,3,3,4,1,0
293691,45,2,4,2,2,2,2,1,1
293695,25,2,4,2,2,5,5,2,1
293696,65,2,3,2,3,3,4,1,1
293703,65,2,2,2,2,5,1,2,1
293713,65,1,1,2,1,2,1,2,1
293715,65,1,1,2,4,3,2,1,1
293721,65,2,3,2,4,4,1,1,0
293723,45,2,1,1,1,1,1,1,1
293725,60,2,1,2,4,1,5,2,0
293726,35,1,1,1,1,4,2,2,1
293728,65,2,4,2,1,5,2,1,1
293732,45,2,4,2,2,4,5,2,1
293737,25,2,4,2,1,4,2,1,1
293739,65,1,1,2,1,5,2,1,1
293746,65,1,1,2,1,4,1,1,0
293755,35,1,1,1,2,5,1,1,1
293757,25,1,4,2,3,3,4,1,1
293760,55,2,2,2,2,4,2,2,0
293762,65,2,1,2,4,3,1,1,1
293763,65,2,3,2,4,2,1,1,1
293765,65,1,1,2,3,4,3,1,1
293767,45,2,2,2,3,2,5,2,1
293770,55,1,1,1,2,3,2,1,0
293771,65,1,1,2,4,3,2,1,1
293779,65,2,3,2,1,5,2,1,1
293784,35,2,4,2,1,5,2,1,0
293785,65,2,1,2,3,5,1,1,1
293788,35,2,1,1,3,5,5,1,1
293792,45,1,2,2,1,5,1,2,1
293794,65,2,1,2,4,3,2,1,0
293796,45,1,1,1,2,2,5,2,1
293799,35,2,1,1,1,1,6,2,1
293803,65,2,2,2,2,3,1,1,0
293812,65,1,1,2,2,5,1,2,1
293813,35,2,1,1,1,2,4,1,1
293816,25,1,1,2,1,4,3,1,1
293817,65,2,1,2,3,3,1,1,1
293823,45,2,1,2,1,4,1,1,0
293827,45,1,4,2,1,4,2,1,1
293831,35,2,1,1,1,2,6,1,1
293832,45,1,2,2,2,5,1,1,1
293833,45,2,1,1,1,3,2,1,1
293834,45,1,1,2,2,5,2,2,1
293838,60,2,3,2,1,5,2,1,1
293841,60,2,2,2,3,5,6,1,1
293843,35,2,4,2,1,4,4,2,1
293850,45,2,4,2,1,4,2,2,1
293851,25,2,1,2,1,4,2,2,1
293853,35,2,4,2,1,5,5,1,1
293856,45,2,4,2,1,4,2,1,1
293865,65,2,1,2,4,3,2,1,1
293871,35,1,1,2,2,4,3,1,1
293872,65,1,1,1,2,2,4,1,1
293885,25,1,1,2,1,4,1,1,1
293886,55,2,2,1,1,5,3,1,1
293891,55,2,2,2,3,3,1,1,0
293896,45,2,2,1,4,1,2,1,0
293897,65,2,2,2,4,1,1,1,1
293900,35,2,4,1,3,2,1,1,0
293902,35,2,1,2,2,1,5,1,0
293904,35,1,1,1,2,4,2,1,1
293905,35,1,1,2,1,5,6,1,1
293908,45,1,1,1,2,3,1,1,1
293909,35,2,1,1,2,2,6,1,1
293910,35,1,4,2,3,2,2,1,1
293913,18,2,4,2,3,3,2,2,1
293916,45,1,2,2,3,1,1,1,1
293917,45,2,2,2,3,2,5,2,0
293918,35,2,4,1,2,1,4,2,0
293923,25,1,1,2,1,4,6,1,1
293931,18,1,4,2,2,1,1,1,1
293932,45,1,1,1,1,5,1,1,1
293937,35,2,1,1,1,3,5,2,0
293938,25,2,2,1,3,2,5,2,1
293945,25,1,4,2,1,5,1,1,0
293955,45,1,1,1,1,5,1,1,1
293958,45,2,1,1,2,1,2,1,1
293959,65,2,2,2,2,4,1,1,1
293961,45,1,1,2,2,5,1,1,1
293967,45,2,1,1,3,2,5,2,1
293971,60,1,1,2,3,2,2,1,1
293972,18,2,1,2,2,1,1,2,1
293979,45,1,4,2,4,4,4,1,0
293980,65,2,3,2,2,5,1,1,1
293981,25,2,1,1,3,3,2,1,1
293987,35,1,4,2,1,4,2,1,0
293989,45,1,1,1,3,3,2,1,1
293996,65,1,1,2,4,1,4,1,1
294001,65,2,3,2,2,4,3,1,1
294002,65,1,1,2,2,4,1,1,0
